Country name,Year,Population
Afghanistan,2010,28189672
Afghanistan,2011,29249156
Afghanistan,2012,30466484
Afghanistan,2013,31541216
Afghanistan,2014,32716214
Afghanistan,2015,33753500
Afghanistan,2016,34636212
Afghanistan,2017,35643420
Afghanistan,2018,36686788
Afghanistan,2019,37769496
Afghanistan,2020,38972236
Afghanistan,2021,40099460
Africa (UN),2010,1055233400
Africa (UN),2011,1082675800
Africa (UN),2012,1110797200
Africa (UN),2013,1140180600
Africa (UN),2014,1170299000
Africa (UN),2015,1201108000
Africa (UN),2016,1232111600
Africa (UN),2017,1263333800
Africa (UN),2018,1295265000
Africa (UN),2019,1327701100
Africa (UN),2020,1360677200
Africa (UN),2021,1393676400
Albania,2010,2913402
Albania,2011,2900660
Albania,2012,2892191
Albania,2013,2887019
Albania,2014,2884100
Albania,2015,2882482
Albania,2016,2881064
Albania,2017,2879361
Albania,2018,2877019
Albania,2019,2873883
Albania,2020,2866850
Albania,2021,2854710
Algeria,2010,35856348
Algeria,2011,36543548
Algeria,2012,37260570
Algeria,2013,38000628
Algeria,2014,38760170
Algeria,2015,39543148
Algeria,2016,40339330
Algeria,2017,41136548
Algeria,2018,41927010
Algeria,2019,42705372
Algeria,2020,43451668
Algeria,2021,44177964
American Samoa,2010,54871
American Samoa,2011,54334
American Samoa,2012,53718
American Samoa,2013,53017
American Samoa,2014,52234
American Samoa,2015,51391
American Samoa,2016,50468
American Samoa,2017,49486
American Samoa,2018,48445
American Samoa,2019,47341
American Samoa,2020,46216
American Samoa,2021,45056
Andorra,2010,71542
Andorra,2011,70587
Andorra,2012,71035
Andorra,2013,71385
Andorra,2014,71644
Andorra,2015,71766
Andorra,2016,72563
Andorra,2017,73853
Andorra,2018,75034
Andorra,2019,76361
Andorra,2020,77723
Andorra,2021,79057
Angola,2010,23364196
Angola,2011,24259120
Angola,2012,25188298
Angola,2013,26147012
Angola,2014,27128340
Angola,2015,28127724
Angola,2016,29154742
Angola,2017,30208634
Angola,2018,31273538
Angola,2019,32353592
Angola,2020,33428490
Angola,2021,34503776
Anguilla,2010,13192
Anguilla,2011,13363
Anguilla,2012,13479
Anguilla,2013,13727
Anguilla,2014,14143
Anguilla,2015,14554
Anguilla,2016,14842
Anguilla,2017,15040
Anguilla,2018,15201
Anguilla,2019,15408
Anguilla,2020,15612
Anguilla,2021,15779
Antigua and Barbuda,2010,85710
Antigua and Barbuda,2011,86749
Antigua and Barbuda,2012,87688
Antigua and Barbuda,2013,88512
Antigua and Barbuda,2014,89252
Antigua and Barbuda,2015,89958
Antigua and Barbuda,2016,90575
Antigua and Barbuda,2017,91133
Antigua and Barbuda,2018,91644
Antigua and Barbuda,2019,92127
Antigua and Barbuda,2020,92672
Antigua and Barbuda,2021,93229
Argentina,2010,41100124
Argentina,2011,41520736
Argentina,2012,41952364
Argentina,2013,42388268
Argentina,2014,42824064
Argentina,2015,43257064
Argentina,2016,43668236
Argentina,2017,44054616
Argentina,2018,44413590
Argentina,2019,44745516
Argentina,2020,45036030
Argentina,2021,45276788
Armenia,2010,2946296
Armenia,2011,2928984
Armenia,2012,2914428
Armenia,2013,2901386
Armenia,2014,2889937
Armenia,2015,2878598
Armenia,2016,2865841
Armenia,2017,2851929
Armenia,2018,2836563
Armenia,2019,2820604
Armenia,2020,2805610
Armenia,2021,2790971
Aruba,2010,100354
Aruba,2011,101304
Aruba,2012,102126
Aruba,2013,102891
Aruba,2014,103607
Aruba,2015,104269
Aruba,2016,104890
Aruba,2017,105454
Aruba,2018,105980
Aruba,2019,106458
Aruba,2020,106597
Aruba,2021,106543
Asia (UN),2010,4221171000
Asia (UN),2011,4269624000
Asia (UN),2012,4318321700
Asia (UN),2013,4366454000
Asia (UN),2014,4413673500
Asia (UN),2015,4459437600
Asia (UN),2016,4504153600
Asia (UN),2017,4548303400
Asia (UN),2018,4590021600
Asia (UN),2019,4628967400
Asia (UN),2020,4664324000
Asia (UN),2021,4694576000
Australia,2010,22019166
Australia,2011,22357032
Australia,2012,22729272
Australia,2013,23111788
Australia,2014,23469578
Australia,2015,23820240
Australia,2016,24195706
Australia,2017,24590336
Australia,2018,24979228
Australia,2019,25357168
Australia,2020,25670052
Australia,2021,25921094
Austria,2010,8362829
Austria,2011,8391201
Austria,2012,8429641
Austria,2013,8479542
Austria,2014,8546066
Austria,2015,8642422
Austria,2016,8736491
Austria,2017,8797497
Austria,2018,8840518
Austria,2019,8879939
Austria,2020,8907780
Austria,2021,8922086
Azerbaijan,2010,9237203
Azerbaijan,2011,9359018
Azerbaijan,2012,9485577
Azerbaijan,2013,9614478
Azerbaijan,2014,9741879
Azerbaijan,2015,9863485
Azerbaijan,2016,9976254
Azerbaijan,2017,10071569
Azerbaijan,2018,10152524
Azerbaijan,2019,10232761
Azerbaijan,2020,10284952
Azerbaijan,2021,10312992
Bahamas,2010,373277
Bahamas,2011,377956
Bahamas,2012,382073
Bahamas,2013,385660
Bahamas,2014,389137
Bahamas,2015,392707
Bahamas,2016,395986
Bahamas,2017,399027
Bahamas,2018,401911
Bahamas,2019,404563
Bahamas,2020,406478
Bahamas,2021,407920
Bahrain,2010,1213655
Bahrain,2011,1212086
Bahrain,2012,1224948
Bahrain,2013,1261683
Bahrain,2014,1311142
Bahrain,2015,1362157
Bahrain,2016,1409668
Bahrain,2017,1456844
Bahrain,2018,1487346
Bahrain,2019,1494195
Bahrain,2020,1477478
Bahrain,2021,1463266
Bangladesh,2010,148391140
Bangladesh,2011,150211000
Bangladesh,2012,152090660
Bangladesh,2013,154030140
Bangladesh,2014,155961310
Bangladesh,2015,157830000
Bangladesh,2016,159784580
Bangladesh,2017,161793970
Bangladesh,2018,163683950
Bangladesh,2019,165516220
Bangladesh,2020,167420940
Bangladesh,2021,169356240
Barbados,2010,274717
Barbados,2011,275501
Barbados,2012,276207
Barbados,2013,276873
Barbados,2014,277501
Barbados,2015,278095
Barbados,2016,278660
Barbados,2017,279199
Barbados,2018,279702
Barbados,2019,280193
Barbados,2020,280704
Barbados,2021,281204
Belarus,2010,9731426
Belarus,2011,9706983
Belarus,2012,9693754
Belarus,2013,9691143
Belarus,2014,9693741
Belarus,2015,9700609
Belarus,2016,9708111
Belarus,2017,9707874
Belarus,2018,9695573
Belarus,2019,9673971
Belarus,2020,9633745
Belarus,2021,9578172
Belgium,2010,10877948
Belgium,2011,10955742
Belgium,2012,11031140
Belgium,2013,11103260
Belgium,2014,11176727
Belgium,2015,11248306
Belgium,2016,11316837
Belgium,2017,11384491
Belgium,2018,11448598
Belgium,2019,11510569
Belgium,2020,11561716
Belgium,2021,11611416
Belize,2010,322115
Belize,2011,329546
Belize,2012,337067
Belize,2013,344695
Belize,2014,352343
Belize,2015,359884
Belize,2016,367327
Belize,2017,374702
Belize,2018,382076
Belize,2019,389103
Belize,2020,394931
Belize,2021,400037
Benin,2010,9445716
Benin,2011,9726385
Benin,2012,10014087
Benin,2013,10308730
Benin,2014,10614845
Benin,2015,10932791
Benin,2016,11260091
Benin,2017,11596786
Benin,2018,11940688
Benin,2019,12290443
Benin,2020,12643121
Benin,2021,12996901
Bermuda,2010,63466
Bermuda,2011,63554
Bermuda,2012,63581
Bermuda,2013,63527
Bermuda,2014,63375
Bermuda,2015,63165
Bermuda,2016,63090
Bermuda,2017,63295
Bermuda,2018,63591
Bermuda,2019,63833
Bermuda,2020,64051
Bermuda,2021,64213
Bhutan,2010,705523
Bhutan,2011,713338
Bhutan,2012,721154
Bhutan,2013,728898
Bhutan,2014,736362
Bhutan,2015,743284
Bhutan,2016,749764
Bhutan,2017,756130
Bhutan,2018,762104
Bhutan,2019,767467
Bhutan,2020,772512
Bhutan,2021,777500
Bolivia,2010,10223277
Bolivia,2011,10396249
Bolivia,2012,10569697
Bolivia,2013,10743352
Bolivia,2014,10916991
Bolivia,2015,11090090
Bolivia,2016,11263016
Bolivia,2017,11435535
Bolivia,2018,11606906
Bolivia,2019,11777318
Bolivia,2020,11936169
Bolivia,2021,12079474
Bonaire Sint Eustatius and Saba,2010,20245
Bonaire Sint Eustatius and Saba,2011,20897
Bonaire Sint Eustatius and Saba,2012,21469
Bonaire Sint Eustatius and Saba,2013,22026
Bonaire Sint Eustatius and Saba,2014,22599
Bonaire Sint Eustatius and Saba,2015,23193
Bonaire Sint Eustatius and Saba,2016,23793
Bonaire Sint Eustatius and Saba,2017,24392
Bonaire Sint Eustatius and Saba,2018,24995
Bonaire Sint Eustatius and Saba,2019,25597
Bonaire Sint Eustatius and Saba,2020,26178
Bonaire Sint Eustatius and Saba,2021,26730
Bosnia and Herzegovina,2010,3811093
Bosnia and Herzegovina,2011,3743143
Bosnia and Herzegovina,2012,3674376
Bosnia and Herzegovina,2013,3617564
Bosnia and Herzegovina,2014,3571070
Bosnia and Herzegovina,2015,3524328
Bosnia and Herzegovina,2016,3480985
Bosnia and Herzegovina,2017,3440025
Bosnia and Herzegovina,2018,3400132
Bosnia and Herzegovina,2019,3360718
Bosnia and Herzegovina,2020,3318410
Bosnia and Herzegovina,2021,3270948
Botswana,2010,2091666
Botswana,2011,2134043
Botswana,2012,2175429
Botswana,2013,2217285
Botswana,2014,2260383
Botswana,2015,2305177
Botswana,2016,2352419
Botswana,2017,2401848
Botswana,2018,2451411
Botswana,2019,2499705
Botswana,2020,2546404
Botswana,2021,2588424
Brazil,2010,196353500
Brazil,2011,198185300
Brazil,2012,199977710
Brazil,2013,201721780
Brazil,2014,203459650
Brazil,2015,205188210
Brazil,2016,206859580
Brazil,2017,208504960
Brazil,2018,210166600
Brazil,2019,211782880
Brazil,2020,213196300
Brazil,2021,214326220
British Virgin Islands,2010,27578
British Virgin Islands,2011,27984
British Virgin Islands,2012,28440
British Virgin Islands,2013,28683
British Virgin Islands,2014,29000
British Virgin Islands,2015,29394
British Virgin Islands,2016,29763
British Virgin Islands,2017,30084
British Virgin Islands,2018,30359
British Virgin Islands,2019,30631
British Virgin Islands,2020,30934
British Virgin Islands,2021,31145
Brunei,2010,396064
Brunei,2011,401515
Brunei,2012,406637
Brunei,2013,411704
Brunei,2014,416670
Brunei,2015,421449
Brunei,2016,426001
Brunei,2017,430290
Brunei,2018,434283
Brunei,2019,438058
Brunei,2020,441736
Brunei,2021,445382
Bulgaria,2010,7592271
Bulgaria,2011,7543128
Bulgaria,2012,7488347
Bulgaria,2013,7431169
Bulgaria,2014,7372142
Bulgaria,2015,7309255
Bulgaria,2016,7245982
Bulgaria,2017,7182430
Bulgaria,2018,7117424
Bulgaria,2019,7052536
Bulgaria,2020,6979181
Bulgaria,2021,6885864
Burkina Faso,2010,16116851
Burkina Faso,2011,16602652
Burkina Faso,2012,17113736
Burkina Faso,2013,17636414
Burkina Faso,2014,18169844
Burkina Faso,2015,18718022
Burkina Faso,2016,19275504
Burkina Faso,2017,19835860
Burkina Faso,2018,20392730
Burkina Faso,2019,20951638
Burkina Faso,2020,21522632
Burkina Faso,2021,22100690
Burundi,2010,9126612
Burundi,2011,9455737
Burundi,2012,9795479
Burundi,2013,10149583
Burundi,2014,10494920
Burundi,2015,10727153
Burundi,2016,10903329
Burundi,2017,11155592
Burundi,2018,11493476
Burundi,2019,11874838
Burundi,2020,12220229
Burundi,2021,12551215
Cambodia,2010,14363534
Cambodia,2011,14573894
Cambodia,2012,14786650
Cambodia,2013,14999691
Cambodia,2014,15210817
Cambodia,2015,15417527
Cambodia,2016,15624586
Cambodia,2017,15830694
Cambodia,2018,16025242
Cambodia,2019,16207746
Cambodia,2020,16396864
Cambodia,2021,16589031
Cameroon,2010,19878044
Cameroon,2011,20448880
Cameroon,2012,21032684
Cameroon,2013,21632852
Cameroon,2014,22299590
Cameroon,2015,23012650
Cameroon,2016,23711626
Cameroon,2017,24393182
Cameroon,2018,25076752
Cameroon,2019,25782342
Cameroon,2020,26491090
Cameroon,2021,27198632
Canada,2010,33963416
Canada,2011,34323536
Canada,2012,34691876
Canada,2013,35063696
Canada,2014,35404616
Canada,2015,35732120
Canada,2016,36113532
Canada,2017,36554344
Canada,2018,37035260
Canada,2019,37522584
Canada,2020,37888704
Canada,2021,38155012
Cape Verde,2010,521219
Cape Verde,2011,527528
Cape Verde,2012,533877
Cape Verde,2013,539949
Cape Verde,2014,546083
Cape Verde,2015,552169
Cape Verde,2016,558399
Cape Verde,2017,564959
Cape Verde,2018,571209
Cape Verde,2019,577037
Cape Verde,2020,582646
Cape Verde,2021,587936
Cayman Islands,2010,54095
Cayman Islands,2011,55513
Cayman Islands,2012,56884
Cayman Islands,2013,58232
Cayman Islands,2014,59580
Cayman Islands,2015,60935
Cayman Islands,2016,62274
Cayman Islands,2017,63601
Cayman Islands,2018,64904
Cayman Islands,2019,66152
Cayman Islands,2020,67327
Cayman Islands,2021,68157
Central African Republic,2010,4660066
Central African Republic,2011,4732037
Central African Republic,2012,4773306
Central African Republic,2013,4802437
Central African Republic,2014,4798739
Central African Republic,2015,4819341
Central African Republic,2016,4904182
Central African Republic,2017,4996741
Central African Republic,2018,5094795
Central African Republic,2019,5209329
Central African Republic,2020,5343024
Central African Republic,2021,5457165
Chad,2010,11894734
Chad,2011,12317729
Chad,2012,12754912
Chad,2013,13216769
Chad,2014,13697128
Chad,2015,14140277
Chad,2016,14592587
Chad,2017,15085893
Chad,2018,15604213
Chad,2019,16126868
Chad,2020,16644707
Chad,2021,17179744
Chile,2010,17004166
Chile,2011,17173568
Chile,2012,17341770
Chile,2013,17509926
Chile,2014,17687108
Chile,2015,17870122
Chile,2016,18083880
Chile,2017,18368582
Chile,2018,18701452
Chile,2019,19039484
Chile,2020,19300318
Chile,2021,19493184
China,2010,1348191400
China,2011,1357095400
China,2012,1366560800
China,2013,1376100400
China,2014,1385189600
China,2015,1393715500
China,2016,1401889700
China,2017,1410276000
China,2018,1417069400
China,2019,1421864100
China,2020,1424929800
China,2021,1425893500
Colombia,2010,44816104
Colombia,2011,45308896
Colombia,2012,45782420
Colombia,2013,46237930
Colombia,2014,46677944
Colombia,2015,47119730
Colombia,2016,47625960
Colombia,2017,48351668
Colombia,2018,49276970
Colombia,2019,50187404
Colombia,2020,50930656
Colombia,2021,51516560
Comoros,2010,656032
Comoros,2011,670081
Comoros,2012,684564
Comoros,2013,699397
Comoros,2014,714617
Comoros,2015,730221
Comoros,2016,746239
Comoros,2017,761672
Comoros,2018,776322
Comoros,2019,790993
Comoros,2020,806168
Comoros,2021,821632
Congo,2010,4437883
Congo,2011,4584223
Congo,2012,4713260
Congo,2013,4828073
Congo,2014,4944865
Congo,2015,5064390
Congo,2016,5186830
Congo,2017,5312347
Congo,2018,5441061
Congo,2019,5570736
Congo,2020,5702183
Congo,2021,5835814
Cook Islands,2010,17237
Cook Islands,2011,17795
Cook Islands,2012,18029
Cook Islands,2013,17940
Cook Islands,2014,17842
Cook Islands,2015,17720
Cook Islands,2016,17572
Cook Islands,2017,17417
Cook Islands,2018,17276
Cook Islands,2019,17133
Cook Islands,2020,17050
Cook Islands,2021,17028
Costa Rica,2010,4622250
Costa Rica,2011,4679927
Costa Rica,2012,4736593
Costa Rica,2013,4791541
Costa Rica,2014,4844293
Costa Rica,2015,4895241
Costa Rica,2016,4945205
Costa Rica,2017,4993849
Costa Rica,2018,5040738
Costa Rica,2019,5084527
Costa Rica,2020,5123107
Costa Rica,2021,5153959
Cote d'Ivoire,2010,21120040
Cote d'Ivoire,2011,21562916
Cote d'Ivoire,2012,22010708
Cote d'Ivoire,2013,22469272
Cote d'Ivoire,2014,22995554
Cote d'Ivoire,2015,23596738
Cote d'Ivoire,2016,24213620
Cote d'Ivoire,2017,24848024
Cote d'Ivoire,2018,25493990
Cote d'Ivoire,2019,26147544
Cote d'Ivoire,2020,26811792
Cote d'Ivoire,2021,27478250
Croatia,2010,4368680
Croatia,2011,4351838
Croatia,2012,4331592
Croatia,2013,4308854
Croatia,2014,4283968
Croatia,2015,4254821
Croatia,2016,4223748
Croatia,2017,4192468
Croatia,2018,4160488
Croatia,2019,4129749
Croatia,2020,4096872
Croatia,2021,4060139
Cuba,2010,11290420
Cuba,2011,11298713
Cuba,2012,11309292
Cuba,2013,11321583
Cuba,2014,11332030
Cuba,2015,11339888
Cuba,2016,11342012
Cuba,2017,11336405
Cuba,2018,11328243
Cuba,2019,11316699
Cuba,2020,11300695
Cuba,2021,11256373
Curacao,2010,159392
Curacao,2011,161681
Curacao,2012,163960
Curacao,2013,166148
Curacao,2014,168034
Curacao,2015,169588
Curacao,2016,170752
Curacao,2017,171543
Curacao,2018,184734
Curacao,2019,193119
Curacao,2020,189298
Curacao,2021,190348
Cyprus,2010,1129693
Cyprus,2011,1145090
Cyprus,2012,1156556
Cyprus,2013,1166972
Cyprus,2014,1176997
Cyprus,2015,1187286
Cyprus,2016,1197889
Cyprus,2017,1208527
Cyprus,2018,1218834
Cyprus,2019,1228840
Cyprus,2020,1237540
Cyprus,2021,1244193
Czechia,2010,10464750
Czechia,2011,10496379
Czechia,2012,10511065
Czechia,2013,10514547
Czechia,2014,10517178
Czechia,2015,10523801
Czechia,2016,10527584
Czechia,2017,10531315
Czechia,2018,10534598
Czechia,2019,10536876
Czechia,2020,10530951
Czechia,2021,10510748
Democratic Republic of Congo,2010,66391260
Democratic Republic of Congo,2011,68654270
Democratic Republic of Congo,2012,70997870
Democratic Republic of Congo,2013,73460030
Democratic Republic of Congo,2014,76035590
Democratic Republic of Congo,2015,78656904
Democratic Republic of Congo,2016,81430980
Democratic Republic of Congo,2017,84283270
Democratic Republic of Congo,2018,87087350
Democratic Republic of Congo,2019,89906900
Democratic Republic of Congo,2020,92853170
Democratic Republic of Congo,2021,95894120
Denmark,2010,5550850
Denmark,2011,5576016
Denmark,2012,5600955
Denmark,2013,5625393
Denmark,2014,5650654
Denmark,2015,5677795
Denmark,2016,5706856
Denmark,2017,5737286
Denmark,2018,5766689
Denmark,2019,5795879
Denmark,2020,5825638
Denmark,2021,5854246
Djibouti,2010,919206
Djibouti,2011,936819
Djibouti,2012,954311
Djibouti,2013,971761
Djibouti,2014,989091
Djibouti,2015,1006266
Djibouti,2016,1023269
Djibouti,2017,1040242
Djibouti,2018,1057204
Djibouti,2019,1073999
Djibouti,2020,1090162
Djibouti,2021,1105562
Dominica,2010,68775
Dominica,2011,68758
Dominica,2012,68908
Dominica,2013,68839
Dominica,2014,69388
Dominica,2015,70027
Dominica,2016,70098
Dominica,2017,70422
Dominica,2018,70840
Dominica,2019,71446
Dominica,2020,72011
Dominica,2021,72435
Dominican Republic,2010,9775756
Dominican Republic,2011,9903743
Dominican Republic,2012,10030885
Dominican Republic,2013,10157054
Dominican Republic,2014,10282116
Dominican Republic,2015,10405832
Dominican Republic,2016,10527589
Dominican Republic,2017,10647247
Dominican Republic,2018,10765532
Dominican Republic,2019,10881886
Dominican Republic,2020,10999668
Dominican Republic,2021,11117873
East Timor,2010,1088492
East Timor,2011,1112985
East Timor,2012,1137683
East Timor,2013,1161558
East Timor,2014,1184842
East Timor,2015,1205822
East Timor,2016,1224568
East Timor,2017,1243238
East Timor,2018,1261850
East Timor,2019,1280442
East Timor,2020,1299998
East Timor,2021,1320944
Ecuador,2010,14989581
Ecuador,2011,15237734
Ecuador,2012,15483884
Ecuador,2013,15722988
Ecuador,2014,15957995
Ecuador,2015,16195904
Ecuador,2016,16439588
Ecuador,2017,16696947
Ecuador,2018,17015672
Ecuador,2019,17343742
Ecuador,2020,17588596
Ecuador,2021,17797736
Egypt,2010,87252420
Egypt,2011,89200056
Egypt,2012,91240380
Egypt,2013,93377896
Egypt,2014,95592330
Egypt,2015,97723790
Egypt,2016,99784030
Egypt,2017,101789384
Egypt,2018,103740770
Egypt,2019,105618670
Egypt,2020,107465130
Egypt,2021,109262184
El Salvador,2010,6114039
El Salvador,2011,6137354
El Salvador,2012,6161293
El Salvador,2013,6185641
El Salvador,2014,6209528
El Salvador,2015,6231072
El Salvador,2016,6250513
El Salvador,2017,6266661
El Salvador,2018,6276340
El Salvador,2019,6280222
El Salvador,2020,6292734
El Salvador,2021,6314165
Equatorial Guinea,2010,1094538
Equatorial Guinea,2011,1144590
Equatorial Guinea,2012,1193641
Equatorial Guinea,2013,1243947
Equatorial Guinea,2014,1295193
Equatorial Guinea,2015,1346974
Equatorial Guinea,2016,1398940
Equatorial Guinea,2017,1450703
Equatorial Guinea,2018,1502102
Equatorial Guinea,2019,1553037
Equatorial Guinea,2020,1596057
Equatorial Guinea,2021,1634473
Eritrea,2010,3147733
Eritrea,2011,3207574
Eritrea,2012,3252600
Eritrea,2013,3296370
Eritrea,2014,3323429
Eritrea,2015,3340005
Eritrea,2016,3365288
Eritrea,2017,3396933
Eritrea,2018,3445380
Eritrea,2019,3498819
Eritrea,2020,3555869
Eritrea,2021,3620324
Estonia,2010,1331535
Estonia,2011,1327435
Estonia,2012,1322682
Estonia,2013,1317985
Estonia,2014,1314531
Estonia,2015,1314658
Estonia,2016,1315928
Estonia,2017,1317550
Estonia,2018,1322146
Estonia,2019,1327039
Estonia,2020,1329449
Estonia,2021,1328704
Eswatini,2010,1099926
Eswatini,2011,1105379
Eswatini,2012,1111453
Eswatini,2013,1118329
Eswatini,2014,1125872
Eswatini,2015,1133941
Eswatini,2016,1142529
Eswatini,2017,1151397
Eswatini,2018,1160430
Eswatini,2019,1169620
Eswatini,2020,1180663
Eswatini,2021,1192273
Ethiopia,2010,89237800
Ethiopia,2011,91817940
Ethiopia,2012,94451280
Ethiopia,2013,97084376
Ethiopia,2014,99746770
Ethiopia,2015,102471896
Ethiopia,2016,105293230
Ethiopia,2017,108197944
Ethiopia,2018,111129440
Ethiopia,2019,114120590
Ethiopia,2020,117190920
Ethiopia,2021,120283020
Europe (UN),2010,736276800
Europe (UN),2011,737589600
Europe (UN),2012,738907600
Europe (UN),2013,740013800
Europe (UN),2014,741014140
Europe (UN),2015,742107460
Europe (UN),2016,743318600
Europe (UN),2017,744449340
Europe (UN),2018,745359100
Europe (UN),2019,746189630
Europe (UN),2020,746225340
Europe (UN),2021,745173760
Falkland Islands,2010,3206
Falkland Islands,2011,3196
Falkland Islands,2012,3215
Falkland Islands,2013,3286
Falkland Islands,2014,3356
Falkland Islands,2015,3431
Falkland Islands,2016,3527
Falkland Islands,2017,3619
Falkland Islands,2018,3674
Falkland Islands,2019,3729
Falkland Islands,2020,3764
Falkland Islands,2021,3786
Faroe Islands,2010,48432
Faroe Islands,2011,48411
Faroe Islands,2012,48410
Faroe Islands,2013,48444
Faroe Islands,2014,48494
Faroe Islands,2015,48848
Faroe Islands,2016,49523
Faroe Islands,2017,50259
Faroe Islands,2018,50978
Faroe Islands,2019,51708
Faroe Islands,2020,52440
Faroe Islands,2021,52915
Fiji,2010,905176
Fiji,2011,908359
Fiji,2012,911067
Fiji,2013,913467
Fiji,2014,915576
Fiji,2015,917209
Fiji,2016,918371
Fiji,2017,919022
Fiji,2018,919002
Fiji,2019,918472
Fiji,2020,920430
Fiji,2021,924615
Finland,2010,5363279
Finland,2011,5388173
Finland,2012,5413865
Finland,2013,5438873
Finland,2014,5461436
Finland,2015,5479457
Finland,2016,5495217
Finland,2017,5508146
Finland,2018,5515465
Finland,2019,5521539
Finland,2020,5529468
Finland,2021,5535982
France,2010,62444570
France,2011,62775270
France,2012,63071412
France,2013,63335180
France,2014,63588496
France,2015,63809770
France,2016,63989320
France,2017,64144092
France,2018,64277812
France,2019,64399760
France,2020,64480052
France,2021,64531450
French Guiana,2010,228469
French Guiana,2011,233645
French Guiana,2012,239255
French Guiana,2013,245388
French Guiana,2014,251379
French Guiana,2015,257033
French Guiana,2016,262825
French Guiana,2017,269363
French Guiana,2018,276659
French Guiana,2019,284088
French Guiana,2020,290978
French Guiana,2021,297462
French Polynesia,2010,283795
French Polynesia,2011,285275
French Polynesia,2012,286591
French Polynesia,2013,288037
French Polynesia,2014,289880
French Polynesia,2015,291796
French Polynesia,2016,293552
French Polynesia,2017,295456
French Polynesia,2018,297615
French Polynesia,2019,299730
French Polynesia,2020,301935
French Polynesia,2021,304038
Gabon,2010,1711117
Gabon,2011,1772508
Gabon,2012,1836711
Gabon,2013,1902230
Gabon,2014,1966858
Gabon,2015,2028524
Gabon,2016,2086210
Gabon,2017,2140225
Gabon,2018,2192013
Gabon,2019,2242788
Gabon,2020,2292583
Gabon,2021,2341185
Gambia,2010,1937284
Gambia,2011,1998215
Gambia,2012,2061020
Gambia,2013,2124876
Gambia,2014,2189023
Gambia,2015,2253137
Gambia,2016,2317212
Gambia,2017,2381189
Gambia,2018,2444916
Gambia,2019,2508882
Gambia,2020,2574005
Gambia,2021,2639922
Georgia,2010,3836834
Georgia,2011,3821667
Georgia,2012,3804358
Georgia,2013,3786025
Georgia,2014,3774232
Georgia,2015,3771135
Georgia,2016,3771112
Georgia,2017,3771904
Georgia,2018,3772323
Georgia,2019,3770814
Georgia,2020,3765912
Georgia,2021,3757984
Germany,2010,81325090
Germany,2011,81423384
Germany,2012,81545570
Germany,2013,81680590
Germany,2014,81858824
Germany,2015,82073230
Germany,2016,82331430
Germany,2017,82624370
Germany,2018,82896696
Germany,2019,83148140
Germany,2020,83328990
Germany,2021,83408560
Ghana,2010,25574722
Ghana,2011,26205940
Ghana,2012,26858760
Ghana,2013,27525586
Ghana,2014,28196356
Ghana,2015,28870946
Ghana,2016,29554298
Ghana,2017,30222266
Ghana,2018,30870648
Ghana,2019,31522294
Ghana,2020,32180402
Ghana,2021,32833036
Gibraltar,2010,31289
Gibraltar,2011,31725
Gibraltar,2012,32183
Gibraltar,2013,32437
Gibraltar,2014,32478
Gibraltar,2015,32546
Gibraltar,2016,32590
Gibraltar,2017,32628
Gibraltar,2018,32677
Gibraltar,2019,32715
Gibraltar,2020,32739
Gibraltar,2021,32698
Greece,2010,11033784
Greece,2011,11004730
Greece,2012,10963633
Greece,2013,10914501
Greece,2014,10862972
Greece,2015,10806644
Greece,2016,10749742
Greece,2017,10692230
Greece,2018,10633275
Greece,2019,10574026
Greece,2020,10512232
Greece,2021,10445368
Greenland,2010,56374
Greenland,2011,56310
Greenland,2012,56217
Greenland,2013,56116
Greenland,2014,55972
Greenland,2015,55916
Greenland,2016,55941
Greenland,2017,55951
Greenland,2018,55954
Greenland,2019,55955
Greenland,2020,56049
Greenland,2021,56266
Grenada,2010,114058
Grenada,2011,114933
Grenada,2012,115930
Grenada,2013,116954
Grenada,2014,117986
Grenada,2015,118994
Grenada,2016,119973
Grenada,2017,120934
Grenada,2018,121853
Grenada,2019,122737
Grenada,2020,123672
Grenada,2021,124624
Guadeloupe,2010,403073
Guadeloupe,2011,403153
Guadeloupe,2012,402988
Guadeloupe,2013,402351
Guadeloupe,2014,400856
Guadeloupe,2015,399094
Guadeloupe,2016,397861
Guadeloupe,2017,397027
Guadeloupe,2018,396273
Guadeloupe,2019,395487
Guadeloupe,2020,395649
Guadeloupe,2021,396057
Guam,2010,164916
Guam,2011,165662
Guam,2012,166404
Guam,2013,167067
Guam,2014,167555
Guam,2015,167996
Guam,2016,168362
Guam,2017,168619
Guam,2018,168696
Guam,2019,168632
Guam,2020,169245
Guam,2021,170546
Guatemala,2010,14543126
Guatemala,2011,14833458
Guatemala,2012,15128307
Guatemala,2013,15422663
Guatemala,2014,15713744
Guatemala,2015,16001105
Guatemala,2016,16291004
Guatemala,2017,16578718
Guatemala,2018,16850176
Guatemala,2019,17106338
Guatemala,2020,17362716
Guatemala,2021,17608484
Guernsey,2010,60811
Guernsey,2011,61006
Guernsey,2012,61221
Guernsey,2013,61414
Guernsey,2014,61564
Guernsey,2015,61657
Guernsey,2016,61612
Guernsey,2017,61624
Guernsey,2018,61908
Guernsey,2019,62391
Guernsey,2020,62823
Guernsey,2021,63092
Guinea,2010,10270728
Guinea,2011,10527711
Guinea,2012,10788696
Guinea,2013,11055433
Guinea,2014,11333362
Guinea,2015,11626003
Guinea,2016,11930991
Guinea,2017,12240791
Guinea,2018,12554871
Guinea,2019,12877537
Guinea,2020,13205157
Guinea,2021,13531909
Guinea-Bissau,2010,1567226
Guinea-Bissau,2011,1609025
Guinea-Bissau,2012,1652720
Guinea-Bissau,2013,1697757
Guinea-Bissau,2014,1743318
Guinea-Bissau,2015,1788931
Guinea-Bissau,2016,1834554
Guinea-Bissau,2017,1879835
Guinea-Bissau,2018,1924954
Guinea-Bissau,2019,1970460
Guinea-Bissau,2020,2015839
Guinea-Bissau,2021,2060730
Guyana,2010,747937
Guyana,2011,744235
Guyana,2012,743970
Guyana,2013,747424
Guyana,2014,751126
Guyana,2015,755043
Guyana,2016,759097
Guyana,2017,763265
Guyana,2018,785518
Guyana,2019,798761
Guyana,2020,797207
Guyana,2021,804571
Haiti,2010,9842883
Haiti,2011,9954318
Haiti,2012,10108541
Haiti,2013,10261205
Haiti,2014,10412741
Haiti,2015,10563762
Haiti,2016,10713845
Haiti,2017,10863546
Haiti,2018,11012427
Haiti,2019,11160441
Haiti,2020,11306804
Haiti,2021,11447575
High-income countries,2010,1180883700
High-income countries,2011,1188280800
High-income countries,2012,1195667000
High-income countries,2013,1202704800
High-income countries,2014,1209361300
High-income countries,2015,1215900900
High-income countries,2016,1222446100
High-income countries,2017,1228872200
High-income countries,2018,1235045600
High-income countries,2019,1240855700
High-income countries,2020,1244106800
High-income countries,2021,1245565600
Honduras,2010,8450936
Honduras,2011,8622510
Honduras,2012,8792370
Honduras,2013,8960654
Honduras,2014,9127851
Honduras,2015,9294510
Honduras,2016,9460798
Honduras,2017,9626845
Honduras,2018,9792854
Honduras,2019,9958832
Honduras,2020,10121762
Honduras,2021,10278346
Hong Kong,2010,7132437
Hong Kong,2011,7175370
Hong Kong,2012,7234062
Hong Kong,2013,7296820
Hong Kong,2014,7352180
Hong Kong,2015,7399845
Hong Kong,2016,7435925
Hong Kong,2017,7461508
Hong Kong,2018,7481563
Hong Kong,2019,7496121
Hong Kong,2020,7500955
Hong Kong,2021,7494580
Hungary,2010,9986832
Hungary,2011,9953247
Hungary,2012,9922133
Hungary,2013,9894637
Hungary,2014,9867906
Hungary,2015,9844250
Hungary,2016,9815106
Hungary,2017,9788940
Hungary,2018,9776361
Hungary,2019,9771799
Hungary,2020,9750571
Hungary,2021,9709784
Iceland,2010,318346
Iceland,2011,319308
Iceland,2012,320988
Iceland,2013,324036
Iceland,2014,327650
Iceland,2015,331068
Iceland,2016,335677
Iceland,2017,343641
Iceland,2018,352951
Iceland,2019,360787
Iceland,2020,366682
Iceland,2021,370338
India,2010,1240613600
India,2011,1257621200
India,2012,1274487200
India,2013,1291132000
India,2014,1307246500
India,2015,1322866600
India,2016,1338636300
India,2017,1354195700
India,2018,1369003300
India,2019,1383112100
India,2020,1396387100
India,2021,1407563900
Indonesia,2010,244016180
Indonesia,2011,247099700
Indonesia,2012,250222690
Indonesia,2013,253275920
Indonesia,2014,256229760
Indonesia,2015,259091970
Indonesia,2016,261850180
Indonesia,2017,264498850
Indonesia,2018,267066850
Indonesia,2019,269582880
Indonesia,2020,271858000
Indonesia,2021,273753180
Iran,2010,75373864
Iran,2011,76342970
Iran,2012,77324450
Iran,2013,78458930
Iran,2014,79961670
Iran,2015,81790850
Iran,2016,83306230
Iran,2017,84505080
Iran,2018,85617560
Iran,2019,86564210
Iran,2020,87290190
Iran,2021,87923430
Iraq,2010,31264880
Iraq,2011,32378066
Iraq,2012,33864452
Iraq,2013,35481804
Iraq,2014,36746484
Iraq,2015,37757812
Iraq,2016,38697940
Iraq,2017,39621156
Iraq,2018,40590700
Iraq,2019,41563524
Iraq,2020,42556988
Iraq,2021,43533590
Ireland,2010,4524581
Ireland,2011,4544504
Ireland,2012,4564550
Ireland,2013,4588830
Ireland,2014,4622165
Ireland,2015,4665764
Ireland,2016,4715791
Ireland,2017,4771860
Ireland,2018,4834506
Ireland,2019,4896021
Ireland,2020,4946123
Ireland,2021,4986525
Isle of Man,2010,83844
Isle of Man,2011,84360
Isle of Man,2012,84352
Isle of Man,2013,84167
Isle of Man,2014,83916
Isle of Man,2015,83614
Isle of Man,2016,83472
Isle of Man,2017,83596
Isle of Man,2018,83792
Isle of Man,2019,83950
Isle of Man,2020,84063
Isle of Man,2021,84286
Israel,2010,7328439
Israel,2011,7459750
Israel,2012,7592099
Israel,2013,7726675
Israel,2014,7863849
Israel,2015,8007777
Israel,2016,8159015
Israel,2017,8309256
Israel,2018,8456487
Israel,2019,8607922
Israel,2020,8757487
Israel,2021,8900057
Italy,2010,59822452
Italy,2011,60025950
Italy,2012,60190150
Italy,2013,60312600
Italy,2014,60322790
Italy,2015,60232908
Italy,2016,60118628
Italy,2017,60004024
Italy,2018,59877430
Italy,2019,59727936
Italy,2020,59500576
Italy,2021,59240336
Jamaica,2010,2733904
Jamaica,2011,2746169
Jamaica,2012,2759819
Jamaica,2013,2773134
Jamaica,2014,2784542
Jamaica,2015,2794455
Jamaica,2016,2802699
Jamaica,2017,2808388
Jamaica,2018,2811842
Jamaica,2019,2813776
Jamaica,2020,2820438
Jamaica,2021,2827701
Japan,2010,128105430
Japan,2011,128007256
Japan,2012,127853690
Japan,2013,127678920
Japan,2014,127476730
Japan,2015,127250936
Japan,2016,126993860
Japan,2017,126662460
Japan,2018,126255870
Japan,2019,125791680
Japan,2020,125244760
Japan,2021,124612530
Jersey,2010,96164
Jersey,2011,96853
Jersey,2012,97438
Jersey,2013,98427
Jersey,2014,99390
Jersey,2015,100572
Jersey,2016,102152
Jersey,2017,103623
Jersey,2018,105387
Jersey,2019,107055
Jersey,2020,108332
Jersey,2021,109634
Jordan,2010,6931263
Jordan,2011,7109980
Jordan,2012,7211866
Jordan,2013,7694818
Jordan,2014,8658030
Jordan,2015,9494250
Jordan,2016,9964659
Jordan,2017,10215384
Jordan,2018,10459864
Jordan,2019,10698682
Jordan,2020,10928723
Jordan,2021,11148288
Kazakhstan,2010,16627839
Kazakhstan,2011,16864920
Kazakhstan,2012,17102868
Kazakhstan,2013,17345734
Kazakhstan,2014,17592296
Kazakhstan,2015,17835908
Kazakhstan,2016,18078558
Kazakhstan,2017,18314822
Kazakhstan,2018,18538100
Kazakhstan,2019,18754260
Kazakhstan,2020,18979250
Kazakhstan,2021,19196468
Kenya,2010,41517896
Kenya,2011,42635148
Kenya,2012,43725810
Kenya,2013,44792370
Kenya,2014,45831860
Kenya,2015,46851496
Kenya,2016,47894668
Kenya,2017,48948140
Kenya,2018,49953300
Kenya,2019,50951452
Kenya,2020,51985780
Kenya,2021,53005616
Kiribati,2010,108011
Kiribati,2011,109887
Kiribati,2012,111630
Kiribati,2013,113316
Kiribati,2014,115002
Kiribati,2015,116717
Kiribati,2016,118529
Kiribati,2017,120378
Kiribati,2018,122276
Kiribati,2019,124252
Kiribati,2020,126473
Kiribati,2021,128883
Kosovo,2010,1792559
Kosovo,2011,1799340
Kosovo,2012,1811418
Kosovo,2013,1805676
Kosovo,2014,1777812
Kosovo,2015,1759122
Kosovo,2016,1750724
Kosovo,2017,1731670
Kosovo,2018,1709966
Kosovo,2019,1686856
Kosovo,2020,1670702
Kosovo,2021,1662022
Kuwait,2010,2943364
Kuwait,2011,3143827
Kuwait,2012,3394668
Kuwait,2013,3646520
Kuwait,2014,3761590
Kuwait,2015,3908745
Kuwait,2016,4048090
Kuwait,2017,4124904
Kuwait,2018,4317190
Kuwait,2019,4441105
Kuwait,2020,4360451
Kuwait,2021,4250111
Kyrgyzstan,2010,5483781
Kyrgyzstan,2011,5552339
Kyrgyzstan,2012,5631955
Kyrgyzstan,2013,5719561
Kyrgyzstan,2014,5814426
Kyrgyzstan,2015,5914985
Kyrgyzstan,2016,6018303
Kyrgyzstan,2017,6121266
Kyrgyzstan,2018,6223503
Kyrgyzstan,2019,6323643
Kyrgyzstan,2020,6424880
Kyrgyzstan,2021,6527742
Land-locked developing countries (LLDC),2010,424788220
Land-locked developing countries (LLDC),2011,435309300
Land-locked developing countries (LLDC),2012,446077950
Land-locked developing countries (LLDC),2013,456858800
Land-locked developing countries (LLDC),2014,467737340
Land-locked developing countries (LLDC),2015,478577600
Land-locked developing countries (LLDC),2016,489620300
Land-locked developing countries (LLDC),2017,500950620
Land-locked developing countries (LLDC),2018,512657920
Land-locked developing countries (LLDC),2019,524971870
Land-locked developing countries (LLDC),2020,537864800
Land-locked developing countries (LLDC),2021,550846400
Laos,2010,6323425
Laos,2011,6416331
Laos,2012,6508806
Laos,2013,6600736
Laos,2014,6691467
Laos,2015,6787420
Laos,2016,6891366
Laos,2017,6997925
Laos,2018,7105008
Laos,2019,7212058
Laos,2020,7319397
Laos,2021,7425055
Latin America and the Caribbean (UN),2010,590547000
Latin America and the Caribbean (UN),2011,597179840
Latin America and the Caribbean (UN),2012,603818800
Latin America and the Caribbean (UN),2013,610323400
Latin America and the Caribbean (UN),2014,616734100
Latin America and the Caribbean (UN),2015,623076500
Latin America and the Caribbean (UN),2016,629341000
Latin America and the Caribbean (UN),2017,635448200
Latin America and the Caribbean (UN),2018,641303740
Latin America and the Caribbean (UN),2019,646846800
Latin America and the Caribbean (UN),2020,651836100
Latin America and the Caribbean (UN),2021,656098100
Latvia,2010,2101537
Latvia,2011,2076974
Latvia,2012,2053635
Latvia,2013,2031491
Latvia,2014,2011040
Latvia,2015,1991951
Latvia,2016,1973477
Latvia,2017,1954861
Latvia,2018,1935632
Latvia,2019,1916552
Latvia,2020,1897057
Latvia,2021,1873926
Least developed countries,2010,843512700
Least developed countries,2011,864134660
Least developed countries,2012,885375170
Least developed countries,2013,907133950
Least developed countries,2014,929398000
Least developed countries,2015,951928200
Least developed countries,2016,975265900
Least developed countries,2017,999288800
Least developed countries,2018,1023493760
Least developed countries,2019,1048193540
Least developed countries,2020,1073743500
Least developed countries,2021,1099568600
Lebanon,2010,4995799
Lebanon,2011,5045061
Lebanon,2012,5178338
Lebanon,2013,5678859
Lebanon,2014,6274345
Lebanon,2015,6398941
Lebanon,2016,6258628
Lebanon,2017,6109255
Lebanon,2018,5950842
Lebanon,2019,5781912
Lebanon,2020,5662924
Lebanon,2021,5592626
Lesotho,2010,2022752
Lesotho,2011,2037687
Lesotho,2012,2054722
Lesotho,2013,2073948
Lesotho,2014,2095251
Lesotho,2015,2118532
Lesotho,2016,2143876
Lesotho,2017,2170622
Lesotho,2018,2198030
Lesotho,2019,2225710
Lesotho,2020,2254104
Lesotho,2021,2281464
Less developed regions,2010,5749583400
Less developed regions,2011,5832464400
Less developed regions,2012,5916328000
Less developed regions,2013,6000773600
Less developed regions,2014,6084975000
Less developed regions,2015,6168363500
Less developed regions,2016,6250849300
Less developed regions,2017,6332903400
Less developed regions,2018,6413056500
Less developed regions,2019,6490685400
Less developed regions,2020,6564795000
Less developed regions,2021,6633179000
"Less developed regions, excluding China",2010,4370619000
"Less developed regions, excluding China",2011,4444479500
"Less developed regions, excluding China",2012,4518716400
"Less developed regions, excluding China",2013,4593453000
"Less developed regions, excluding China",2014,4668406300
"Less developed regions, excluding China",2015,4743121000
"Less developed regions, excluding China",2016,4817302500
"Less developed regions, excluding China",2017,4890862000
"Less developed regions, excluding China",2018,4964128300
"Less developed regions, excluding China",2019,5036884000
"Less developed regions, excluding China",2020,5107866600
"Less developed regions, excluding China",2021,5175244300
"Less developed regions, excluding least developed countries",2010,4906070500
"Less developed regions, excluding least developed countries",2011,4968329700
"Less developed regions, excluding least developed countries",2012,5030953000
"Less developed regions, excluding least developed countries",2013,5093639700
"Less developed regions, excluding least developed countries",2014,5155577000
"Less developed regions, excluding least developed countries",2015,5216435000
"Less developed regions, excluding least developed countries",2016,5275583500
"Less developed regions, excluding least developed countries",2017,5333614600
"Less developed regions, excluding least developed countries",2018,5389562400
"Less developed regions, excluding least developed countries",2019,5442492000
"Less developed regions, excluding least developed countries",2020,5491051500
"Less developed regions, excluding least developed countries",2021,5533610500
Liberia,2010,4019958
Liberia,2011,4181148
Liberia,2012,4331749
Liberia,2013,4427319
Liberia,2014,4519410
Liberia,2015,4612330
Liberia,2016,4706106
Liberia,2017,4796632
Liberia,2018,4889396
Liberia,2019,4985290
Liberia,2020,5087591
Liberia,2021,5193422
Libya,2010,6491991
Libya,2011,6188135
Libya,2012,5869880
Libya,2013,5985228
Libya,2014,6097767
Libya,2015,6192241
Libya,2016,6282202
Libya,2017,6378267
Libya,2018,6477791
Libya,2019,6569085
Libya,2020,6653946
Libya,2021,6735280
Liechtenstein,2010,35948
Liechtenstein,2011,36213
Liechtenstein,2012,36526
Liechtenstein,2013,36836
Liechtenstein,2014,37120
Liechtenstein,2015,37378
Liechtenstein,2016,37630
Liechtenstein,2017,37916
Liechtenstein,2018,38205
Liechtenstein,2019,38500
Liechtenstein,2020,38783
Liechtenstein,2021,39058
Lithuania,2010,3139021
Lithuania,2011,3099800
Lithuania,2012,3063340
Lithuania,2013,3028191
Lithuania,2014,2994928
Lithuania,2015,2963764
Lithuania,2016,2933676
Lithuania,2017,2904452
Lithuania,2018,2876128
Lithuania,2019,2849083
Lithuania,2020,2820269
Lithuania,2021,2786652
Low-income countries,2010,534960130
Low-income countries,2011,550299840
Low-income countries,2012,565536000
Low-income countries,2013,580126140
Low-income countries,2014,594773440
Low-income countries,2015,610047200
Low-income countries,2016,626382300
Low-income countries,2017,643485700
Low-income countries,2018,661256600
Low-income countries,2019,680013440
Low-income countries,2020,699186560
Low-income countries,2021,718255100
Lower-middle-income countries,2010,2905020000
Lower-middle-income countries,2011,2951039500
Lower-middle-income countries,2012,2997064700
Lower-middle-income countries,2013,3043228000
Lower-middle-income countries,2014,3089307600
Lower-middle-income countries,2015,3134754800
Lower-middle-income countries,2016,3180043800
Lower-middle-income countries,2017,3225191200
Lower-middle-income countries,2018,3269580500
Lower-middle-income countries,2019,3313063400
Lower-middle-income countries,2020,3356047600
Lower-middle-income countries,2021,3396756500
Luxembourg,2010,507075
Luxembourg,2011,518207
Luxembourg,2012,530596
Luxembourg,2013,543068
Luxembourg,2014,556075
Luxembourg,2015,569415
Luxembourg,2016,583355
Luxembourg,2017,596290
Luxembourg,2018,607920
Luxembourg,2019,619981
Luxembourg,2020,630401
Luxembourg,2021,639330
Macao,2010,557307
Macao,2011,571014
Macao,2012,582776
Macao,2013,593382
Macao,2014,604163
Macao,2015,615243
Macao,2016,626694
Macao,2017,638612
Macao,2018,650996
Macao,2019,663660
Macao,2020,676287
Macao,2021,686616
Madagascar,2010,21731052
Madagascar,2011,22348158
Madagascar,2012,22966242
Madagascar,2013,23588078
Madagascar,2014,24215980
Madagascar,2015,24850912
Madagascar,2016,25501944
Madagascar,2017,26169540
Madagascar,2018,26846544
Madagascar,2019,27533134
Madagascar,2020,28225182
Madagascar,2021,28915652
Malawi,2010,14718426
Malawi,2011,15146095
Malawi,2012,15581250
Malawi,2013,16024775
Malawi,2014,16477972
Malawi,2015,16938944
Malawi,2016,17405624
Malawi,2017,17881172
Malawi,2018,18367886
Malawi,2019,18867340
Malawi,2020,19377058
Malawi,2021,19889742
Malaysia,2010,28717728
Malaysia,2011,29184140
Malaysia,2012,29660216
Malaysia,2013,30134806
Malaysia,2014,30606454
Malaysia,2015,31068834
Malaysia,2016,31526414
Malaysia,2017,31975812
Malaysia,2018,32399270
Malaysia,2019,32804024
Malaysia,2020,33199988
Malaysia,2021,33573870
Maldives,2010,361579
Maldives,2011,374450
Maldives,2012,387552
Maldives,2013,400741
Maldives,2014,416746
Maldives,2015,435590
Maldives,2016,454263
Maldives,2017,472449
Maldives,2018,489773
Maldives,2019,504518
Maldives,2020,514451
Maldives,2021,521469
Mali,2010,15529183
Mali,2011,16039734
Mali,2012,16514689
Mali,2013,17004038
Mali,2014,17551824
Mali,2015,18112910
Mali,2016,18700108
Mali,2017,19311356
Mali,2018,19934304
Mali,2019,20567430
Mali,2020,21224042
Mali,2021,21904990
Malta,2010,418758
Malta,2011,423577
Malta,2012,429912
Malta,2013,437531
Malta,2014,446449
Malta,2015,456585
Malta,2016,467717
Malta,2017,479507
Malta,2018,491590
Malta,2019,503646
Malta,2020,515364
Malta,2021,526751
Marshall Islands,2010,53431
Marshall Islands,2011,52991
Marshall Islands,2012,52223
Marshall Islands,2013,51372
Marshall Islands,2014,50440
Marshall Islands,2015,49426
Marshall Islands,2016,48354
Marshall Islands,2017,47204
Marshall Islands,2018,46012
Marshall Islands,2019,44750
Marshall Islands,2020,43437
Marshall Islands,2021,42074
Martinique,2010,392183
Martinique,2011,389625
Martinique,2012,386991
Martinique,2013,384725
Martinique,2014,384393
Martinique,2015,383523
Martinique,2016,380350
Martinique,2017,377458
Martinique,2018,374843
Martinique,2019,372254
Martinique,2020,370399
Martinique,2021,368799
Mauritania,2010,3419462
Mauritania,2011,3524250
Mauritania,2012,3636122
Mauritania,2013,3742965
Mauritania,2014,3843181
Mauritania,2015,3946225
Mauritania,2016,4051896
Mauritania,2017,4160018
Mauritania,2018,4270717
Mauritania,2019,4383853
Mauritania,2020,4498605
Mauritania,2021,4614981
Mauritius,2010,1283347
Mauritius,2011,1286239
Mauritius,2012,1288753
Mauritius,2013,1290698
Mauritius,2014,1292112
Mauritius,2015,1293159
Mauritius,2016,1293909
Mauritius,2017,1294743
Mauritius,2018,1295386
Mauritius,2019,1296284
Mauritius,2020,1297830
Mauritius,2021,1298922
Mayotte,2010,211794
Mayotte,2011,217393
Mayotte,2012,223586
Mayotte,2013,230990
Mayotte,2014,239717
Mayotte,2015,249555
Mayotte,2016,260296
Mayotte,2017,271576
Mayotte,2018,282968
Mayotte,2019,294502
Mayotte,2020,305591
Mayotte,2021,316022
Mexico,2010,112532400
Mexico,2011,114150480
Mexico,2012,115755910
Mexico,2013,117290680
Mexico,2014,118755890
Mexico,2015,120149896
Mexico,2016,121519224
Mexico,2017,122839256
Mexico,2018,124013864
Mexico,2019,125085310
Mexico,2020,125998296
Mexico,2021,126705140
Micronesia (country),2010,107606
Micronesia (country),2011,107897
Micronesia (country),2012,108248
Micronesia (country),2013,108616
Micronesia (country),2014,109039
Micronesia (country),2015,109477
Micronesia (country),2016,109934
Micronesia (country),2017,110441
Micronesia (country),2018,110945
Micronesia (country),2019,111392
Micronesia (country),2020,112119
Micronesia (country),2021,113143
Moldova,2010,3678186
Moldova,2011,3595135
Moldova,2012,3507197
Moldova,2013,3416532
Moldova,2014,3338338
Moldova,2015,3277390
Moldova,2016,3225125
Moldova,2017,3180515
Moldova,2018,3141839
Moldova,2019,3109496
Moldova,2020,3084848
Moldova,2021,3061509
Monaco,2010,33203
Monaco,2011,33971
Monaco,2012,34723
Monaco,2013,35449
Monaco,2014,36133
Monaco,2015,36781
Monaco,2016,37090
Monaco,2017,37069
Monaco,2018,37050
Monaco,2019,37059
Monaco,2020,36943
Monaco,2021,36713
Mongolia,2010,2702527
Mongolia,2011,2743946
Mongolia,2012,2792354
Mongolia,2013,2845160
Mongolia,2014,2902826
Mongolia,2015,2964756
Mongolia,2016,3029559
Mongolia,2017,3096033
Mongolia,2018,3163994
Mongolia,2019,3232435
Mongolia,2020,3294340
Mongolia,2021,3347782
Montenegro,2010,631048
Montenegro,2011,631801
Montenegro,2012,633053
Montenegro,2013,633951
Montenegro,2014,634301
Montenegro,2015,633969
Montenegro,2016,633264
Montenegro,2017,632445
Montenegro,2018,631459
Montenegro,2019,630403
Montenegro,2020,629058
Montenegro,2021,627856
Montserrat,2010,4960
Montserrat,2011,4989
Montserrat,2012,4999
Montserrat,2013,5035
Montserrat,2014,5075
Montserrat,2015,5083
Montserrat,2016,5108
Montserrat,2017,4723
Montserrat,2018,4381
Montserrat,2019,4528
Montserrat,2020,4526
Montserrat,2021,4438
More developed regions,2010,1236019800
More developed regions,2011,1240661200
More developed regions,2012,1245369900
More developed regions,2013,1249819600
More developed regions,2014,1254038500
More developed regions,2015,1258234100
More developed regions,2016,1262624900
More developed regions,2017,1266919200
More developed regions,2018,1270733400
More developed regions,2019,1274265500
More developed regions,2020,1276158000
More developed regions,2021,1276116100
Morocco,2010,32464866
Morocco,2011,32903708
Morocco,2012,33352166
Morocco,2013,33803530
Morocco,2014,34248610
Morocco,2015,34680456
Morocco,2016,35107270
Morocco,2017,35528116
Morocco,2018,35927516
Morocco,2019,36304410
Morocco,2020,36688770
Morocco,2021,37076588
Mozambique,2010,23073732
Mozambique,2011,23760424
Mozambique,2012,24487614
Mozambique,2013,25251738
Mozambique,2014,26038704
Mozambique,2015,26843252
Mozambique,2016,27696500
Mozambique,2017,28569448
Mozambique,2018,29423882
Mozambique,2019,30285602
Mozambique,2020,31178242
Mozambique,2021,32077074
Myanmar,2010,49390988
Myanmar,2011,49794530
Myanmar,2012,50218196
Myanmar,2013,50648336
Myanmar,2014,51072436
Myanmar,2015,51483956
Myanmar,2016,51892350
Myanmar,2017,52288344
Myanmar,2018,52666016
Myanmar,2019,53040212
Myanmar,2020,53423200
Myanmar,2021,53798090
Namibia,2010,2099275
Namibia,2011,2132343
Namibia,2012,2167474
Namibia,2013,2204517
Namibia,2014,2243008
Namibia,2015,2282709
Namibia,2016,2323351
Namibia,2017,2364540
Namibia,2018,2405682
Namibia,2019,2446648
Namibia,2020,2489099
Namibia,2021,2530150
Nauru,2010,10262
Nauru,2011,10303
Nauru,2012,10464
Nauru,2013,10719
Nauru,2014,10965
Nauru,2015,11207
Nauru,2016,11463
Nauru,2017,11708
Nauru,2018,11949
Nauru,2019,12156
Nauru,2020,12339
Nauru,2021,12533
Nepal,2010,27161572
Nepal,2011,27266398
Nepal,2012,27330696
Nepal,2013,27381558
Nepal,2014,27462110
Nepal,2015,27610328
Nepal,2016,27861186
Nepal,2017,28183424
Nepal,2018,28506718
Nepal,2019,28832500
Nepal,2020,29348626
Nepal,2021,30034988
Netherlands,2010,16617121
Netherlands,2011,16701470
Netherlands,2012,16785296
Netherlands,2013,16867352
Netherlands,2014,16954080
Netherlands,2015,17041110
Netherlands,2016,17124512
Netherlands,2017,17207204
Netherlands,2018,17286042
Netherlands,2019,17363260
Netherlands,2020,17434562
Netherlands,2021,17501696
New Caledonia,2010,261435
New Caledonia,2011,266312
New Caledonia,2012,271315
New Caledonia,2013,276404
New Caledonia,2014,280805
New Caledonia,2015,283041
New Caledonia,2016,283753
New Caledonia,2017,284358
New Caledonia,2018,284887
New Caledonia,2019,285374
New Caledonia,2020,286412
New Caledonia,2021,287809
New Zealand,2010,4346345
New Zealand,2011,4381274
New Zealand,2012,4410285
New Zealand,2013,4450641
New Zealand,2014,4514198
New Zealand,2015,4590591
New Zealand,2016,4668088
New Zealand,2017,4746253
New Zealand,2018,4838528
New Zealand,2019,4959033
New Zealand,2020,5061130
New Zealand,2021,5129730
Nicaragua,2010,5855736
Nicaragua,2011,5942554
Nicaragua,2012,6030605
Nicaragua,2013,6119377
Nicaragua,2014,6208680
Nicaragua,2015,6298610
Nicaragua,2016,6389237
Nicaragua,2017,6480534
Nicaragua,2018,6572234
Nicaragua,2019,6663919
Nicaragua,2020,6755900
Nicaragua,2021,6850546
Niger,2010,16647545
Niger,2011,17283118
Niger,2012,17954410
Niger,2013,18653204
Niger,2014,19372012
Niger,2015,20128132
Niger,2016,20921748
Niger,2017,21737924
Niger,2018,22577060
Niger,2019,23443400
Niger,2020,24333644
Niger,2021,25252722
Nigeria,2010,160952860
Nigeria,2011,165463740
Nigeria,2012,170075940
Nigeria,2013,174726130
Nigeria,2014,179379020
Nigeria,2015,183995780
Nigeria,2016,188666930
Nigeria,2017,193495900
Nigeria,2018,198387620
Nigeria,2019,203304500
Nigeria,2020,208327410
Nigeria,2021,213401330
Niue,2010,1838
Niue,2011,1833
Niue,2012,1833
Niue,2013,1846
Niue,2014,1858
Niue,2015,1871
Niue,2016,1883
Niue,2017,1891
Niue,2018,1907
Niue,2019,1943
Niue,2020,1963
Niue,2021,1957
North Korea,2010,24686436
North Korea,2011,24783790
North Korea,2012,24887770
North Korea,2013,25001824
North Korea,2014,25126140
North Korea,2015,25258012
North Korea,2016,25389614
North Korea,2017,25516318
North Korea,2018,25638152
North Korea,2019,25755442
North Korea,2020,25867474
North Korea,2021,25971910
North Macedonia,2010,2093828
North Macedonia,2011,2097110
North Macedonia,2012,2099486
North Macedonia,2013,2102220
North Macedonia,2014,2105293
North Macedonia,2015,2107965
North Macedonia,2016,2110194
North Macedonia,2017,2111982
North Macedonia,2018,2113497
North Macedonia,2019,2114175
North Macedonia,2020,2111078
North Macedonia,2021,2103329
Northern America (UN),2010,345272100
Northern America (UN),2011,348326000
Northern America (UN),2012,351469000
Northern America (UN),2013,354564450
Northern America (UN),2014,357563870
Northern America (UN),2015,360464930
Northern America (UN),2016,363448670
Northern America (UN),2017,366470720
Northern America (UN),2018,369300740
Northern America (UN),2019,371967900
Northern America (UN),2020,373956670
Northern America (UN),2021,375278940
Northern Mariana Islands,2010,54109
Northern Mariana Islands,2011,52542
Northern Mariana Islands,2012,52383
Northern Mariana Islands,2013,52157
Northern Mariana Islands,2014,51878
Northern Mariana Islands,2015,51538
Northern Mariana Islands,2016,51151
Northern Mariana Islands,2017,50752
Northern Mariana Islands,2018,50328
Northern Mariana Islands,2019,49880
Northern Mariana Islands,2020,49611
Northern Mariana Islands,2021,49503
Norway,2010,4889747
Norway,2011,4953565
Norway,2012,5019058
Norway,2013,5080667
Norway,2014,5137926
Norway,2015,5190357
Norway,2016,5236591
Norway,2017,5277396
Norway,2018,5312321
Norway,2019,5348285
Norway,2020,5379836
Norway,2021,5403021
Oceania (UN),2010,37102764
Oceania (UN),2011,37730132
Oceania (UN),2012,38383410
Oceania (UN),2013,39057444
Oceania (UN),2014,39728976
Oceania (UN),2015,40403290
Oceania (UN),2016,41100876
Oceania (UN),2017,41816932
Oceania (UN),2018,42539676
Oceania (UN),2019,43278150
Oceania (UN),2020,43933424
Oceania (UN),2021,44491724
Oman,2010,2881915
Oman,2011,3206883
Oman,2012,3535585
Oman,2013,3816688
Oman,2014,4009272
Oman,2015,4191784
Oman,2016,4398080
Oman,2017,4541853
Oman,2018,4601160
Oman,2019,4602769
Oman,2020,4543406
Oman,2021,4520474
Pakistan,2010,194454500
Pakistan,2011,198602740
Pakistan,2012,202205860
Pakistan,2013,205337550
Pakistan,2014,208251630
Pakistan,2015,210969300
Pakistan,2016,213524850
Pakistan,2017,216379650
Pakistan,2018,219731490
Pakistan,2019,223293280
Pakistan,2020,227196740
Pakistan,2021,231402110
Palau,2010,18563
Palau,2011,18260
Palau,2012,17974
Palau,2013,17829
Palau,2014,17821
Palau,2015,17822
Palau,2016,17840
Palau,2017,17857
Palau,2018,17887
Palau,2019,17939
Palau,2020,17999
Palau,2021,18050
Palestine,2010,3992283
Palestine,2011,4087747
Palestine,2012,4184161
Palestine,2013,4281800
Palestine,2014,4380473
Palestine,2015,4484615
Palestine,2016,4593855
Palestine,2017,4700954
Palestine,2018,4805549
Palestine,2019,4909775
Palestine,2020,5019407
Palestine,2021,5133393
Panama,2010,3623622
Panama,2011,3688679
Panama,2012,3754871
Panama,2013,3821557
Panama,2014,3888795
Panama,2015,3957102
Panama,2016,4026338
Panama,2017,4096071
Panama,2018,4165258
Panama,2019,4232538
Panama,2020,4294391
Panama,2021,4351264
Papua New Guinea,2010,7583269
Papua New Guinea,2011,7806637
Papua New Guinea,2012,8026548
Papua New Guinea,2013,8245634
Papua New Guinea,2014,8464159
Papua New Guinea,2015,8682172
Papua New Guinea,2016,8899176
Papua New Guinea,2017,9114803
Papua New Guinea,2018,9329233
Papua New Guinea,2019,9542492
Papua New Guinea,2020,9749641
Papua New Guinea,2021,9949438
Paraguay,2010,5768618
Paraguay,2011,5843938
Paraguay,2012,5923327
Paraguay,2013,6005656
Paraguay,2014,6090727
Paraguay,2015,6177954
Paraguay,2016,6266623
Paraguay,2017,6355406
Paraguay,2018,6443337
Paraguay,2019,6530029
Paraguay,2020,6618700
Paraguay,2021,6703802
Peru,2010,29229576
Peru,2011,29477722
Peru,2012,29749592
Peru,2013,30038810
Peru,2014,30353956
Peru,2015,30711864
Peru,2016,31132776
Peru,2017,31605488
Peru,2018,32203946
Peru,2019,32824864
Peru,2020,33304768
Peru,2021,33715464
Philippines,2010,94636700
Philippines,2011,96337910
Philippines,2012,98032320
Philippines,2013,99700110
Philippines,2014,101325210
Philippines,2015,103031360
Philippines,2016,104875270
Philippines,2017,106738500
Philippines,2018,108568830
Philippines,2019,110380800
Philippines,2020,112190984
Philippines,2021,113880340
Poland,2010,38597356
Poland,2011,38620850
Poland,2012,38625870
Poland,2013,38607350
Poland,2014,38581880
Poland,2015,38553148
Poland,2016,38532108
Poland,2017,38532816
Poland,2018,38521464
Poland,2019,38493600
Poland,2020,38428370
Poland,2021,38307724
Portugal,2010,10588401
Portugal,2011,10564820
Portugal,2012,10522085
Portugal,2013,10464537
Portugal,2014,10408379
Portugal,2015,10365436
Portugal,2016,10332751
Portugal,2017,10307528
Portugal,2018,10289833
Portugal,2019,10289921
Portugal,2020,10298186
Portugal,2021,10290109
Puerto Rico,2010,3717920
Puerto Rico,2011,3691615
Puerto Rico,2012,3657989
Puerto Rico,2013,3615028
Puerto Rico,2014,3560008
Puerto Rico,2015,3497335
Puerto Rico,2016,3432745
Puerto Rico,2017,3366407
Puerto Rico,2018,3319269
Puerto Rico,2019,3292888
Puerto Rico,2020,3271570
Puerto Rico,2021,3256030
Qatar,2010,1713512
Qatar,2011,1804175
Qatar,2012,1905670
Qatar,2013,2035509
Qatar,2014,2214471
Qatar,2015,2414580
Qatar,2016,2595175
Qatar,2017,2711764
Qatar,2018,2766743
Qatar,2019,2807242
Qatar,2020,2760390
Qatar,2021,2688239
Reunion,2010,890144
Reunion,2011,896635
Reunion,2012,902148
Reunion,2013,906902
Reunion,2014,914797
Reunion,2015,922501
Reunion,2016,926628
Reunion,2017,932745
Reunion,2018,941189
Reunion,2019,949423
Reunion,2020,957829
Reunion,2021,966132
Romania,2010,20335212
Romania,2011,20220286
Romania,2012,20137112
Romania,2013,20066550
Romania,2014,19995836
Romania,2015,19906078
Romania,2016,19797820
Romania,2017,19698852
Romania,2018,19606778
Romania,2019,19524212
Romania,2020,19442040
Romania,2021,19328558
Russia,2010,143242600
Russia,2011,143364540
Russia,2012,143629360
Russia,2013,143956860
Russia,2014,144285070
Russia,2015,144668380
Russia,2016,145109150
Russia,2017,145452540
Russia,2018,145652290
Russia,2019,145742290
Russia,2020,145617330
Russia,2021,145102750
Rwanda,2010,10309032
Rwanda,2011,10576932
Rwanda,2012,10840331
Rwanda,2013,11101352
Rwanda,2014,11368450
Rwanda,2015,11642963
Rwanda,2016,11930902
Rwanda,2017,12230343
Rwanda,2018,12531810
Rwanda,2019,12835029
Rwanda,2020,13146367
Rwanda,2021,13461891
Saint Barthelemy,2010,9011
Saint Barthelemy,2011,9135
Saint Barthelemy,2012,9244
Saint Barthelemy,2013,9365
Saint Barthelemy,2014,9499
Saint Barthelemy,2015,9668
Saint Barthelemy,2016,9865
Saint Barthelemy,2017,10068
Saint Barthelemy,2018,10281
Saint Barthelemy,2019,10504
Saint Barthelemy,2020,10706
Saint Barthelemy,2021,10888
Saint Helena,2010,5338
Saint Helena,2011,5377
Saint Helena,2012,5410
Saint Helena,2013,5446
Saint Helena,2014,5480
Saint Helena,2015,5520
Saint Helena,2016,5533
Saint Helena,2017,5521
Saint Helena,2018,5494
Saint Helena,2019,5470
Saint Helena,2020,5448
Saint Helena,2021,5428
Saint Kitts and Nevis,2010,47429
Saint Kitts and Nevis,2011,47605
Saint Kitts and Nevis,2012,47754
Saint Kitts and Nevis,2013,47793
Saint Kitts and Nevis,2014,47816
Saint Kitts and Nevis,2015,47814
Saint Kitts and Nevis,2016,47814
Saint Kitts and Nevis,2017,47811
Saint Kitts and Nevis,2018,47787
Saint Kitts and Nevis,2019,47739
Saint Kitts and Nevis,2020,47666
Saint Kitts and Nevis,2021,47631
Saint Lucia,2010,170950
Saint Lucia,2011,172157
Saint Lucia,2012,173139
Saint Lucia,2013,173992
Saint Lucia,2014,174814
Saint Lucia,2015,175638
Saint Lucia,2016,176429
Saint Lucia,2017,177175
Saint Lucia,2018,177894
Saint Lucia,2019,178594
Saint Lucia,2020,179245
Saint Lucia,2021,179663
Saint Martin (French part),2010,36478
Saint Martin (French part),2011,36370
Saint Martin (French part),2012,36052
Saint Martin (French part),2013,35664
Saint Martin (French part),2014,35280
Saint Martin (French part),2015,35042
Saint Martin (French part),2016,34833
Saint Martin (French part),2017,34519
Saint Martin (French part),2018,33879
Saint Martin (French part),2019,33150
Saint Martin (French part),2020,32577
Saint Martin (French part),2021,31964
Saint Pierre and Miquelon,2010,6075
Saint Pierre and Miquelon,2011,6066
Saint Pierre and Miquelon,2012,6048
Saint Pierre and Miquelon,2013,6027
Saint Pierre and Miquelon,2014,6013
Saint Pierre and Miquelon,2015,6001
Saint Pierre and Miquelon,2016,5990
Saint Pierre and Miquelon,2017,5980
Saint Pierre and Miquelon,2018,5969
Saint Pierre and Miquelon,2019,5952
Saint Pierre and Miquelon,2020,5930
Saint Pierre and Miquelon,2021,5905
Saint Vincent and the Grenadines,2010,109324
Saint Vincent and the Grenadines,2011,108722
Saint Vincent and the Grenadines,2012,108105
Saint Vincent and the Grenadines,2013,107469
Saint Vincent and the Grenadines,2014,106934
Saint Vincent and the Grenadines,2015,106493
Saint Vincent and the Grenadines,2016,105971
Saint Vincent and the Grenadines,2017,105568
Saint Vincent and the Grenadines,2018,105297
Saint Vincent and the Grenadines,2019,104940
Saint Vincent and the Grenadines,2020,104644
Saint Vincent and the Grenadines,2021,104340
Samoa,2010,194686
Samoa,2011,196364
Samoa,2012,198131
Samoa,2013,199952
Samoa,2014,201769
Samoa,2015,203586
Samoa,2016,205559
Samoa,2017,207642
Samoa,2018,209715
Samoa,2019,211915
Samoa,2020,214934
Samoa,2021,218781
San Marino,2010,31631
San Marino,2011,32518
San Marino,2012,33156
San Marino,2013,33307
San Marino,2014,33415
San Marino,2015,33593
San Marino,2016,33860
San Marino,2017,34081
San Marino,2018,34179
San Marino,2019,34203
San Marino,2020,34038
San Marino,2021,33772
Sao Tome and Principe,2010,182154
Sao Tome and Principe,2011,186058
Sao Tome and Principe,2012,189936
Sao Tome and Principe,2013,193765
Sao Tome and Principe,2014,197511
Sao Tome and Principe,2015,201142
Sao Tome and Principe,2016,204640
Sao Tome and Principe,2017,208050
Sao Tome and Principe,2018,211358
Sao Tome and Principe,2019,214612
Sao Tome and Principe,2020,218650
Sao Tome and Principe,2021,223118
Saudi Arabia,2010,29411930
Saudi Arabia,2011,30150952
Saudi Arabia,2012,30821554
Saudi Arabia,2013,31482502
Saudi Arabia,2014,32125570
Saudi Arabia,2015,32749838
Saudi Arabia,2016,33416272
Saudi Arabia,2017,34193120
Saudi Arabia,2018,35018132
Saudi Arabia,2019,35827364
Saudi Arabia,2020,35997108
Saudi Arabia,2021,35950396
Senegal,2010,12530128
Senegal,2011,12875878
Senegal,2012,13231840
Senegal,2013,13595571
Senegal,2014,13970314
Senegal,2015,14356191
Senegal,2016,14751356
Senegal,2017,15157793
Senegal,2018,15574910
Senegal,2019,16000783
Senegal,2020,16436120
Senegal,2021,16876726
Serbia,2010,7653749
Serbia,2011,7620925
Serbia,2012,7591357
Serbia,2013,7566674
Serbia,2014,7543965
Serbia,2015,7519501
Serbia,2016,7493288
Serbia,2017,7464882
Serbia,2018,7433825
Serbia,2019,7401056
Serbia,2020,7358010
Serbia,2021,7296771
Seychelles,2010,92424
Seychelles,2011,93842
Seychelles,2012,95319
Seychelles,2013,96730
Seychelles,2014,98016
Seychelles,2015,99260
Seychelles,2016,100521
Seychelles,2017,101828
Seychelles,2018,103120
Seychelles,2019,104386
Seychelles,2020,105545
Seychelles,2021,106486
Sierra Leone,2010,6436699
Sierra Leone,2011,6612390
Sierra Leone,2012,6788594
Sierra Leone,2013,6964867
Sierra Leone,2014,7140700
Sierra Leone,2015,7314779
Sierra Leone,2016,7493918
Sierra Leone,2017,7677570
Sierra Leone,2018,7861287
Sierra Leone,2019,8046830
Sierra Leone,2020,8233973
Sierra Leone,2021,8420642
Singapore,2010,5163585
Singapore,2011,5281351
Singapore,2012,5381003
Singapore,2013,5478063
Singapore,2014,5570505
Singapore,2015,5650020
Singapore,2016,5711936
Singapore,2017,5764489
Singapore,2018,5814543
Singapore,2019,5866408
Singapore,2020,5909874
Singapore,2021,5941063
Sint Maarten (Dutch part),2010,33056
Sint Maarten (Dutch part),2011,33336
Sint Maarten (Dutch part),2012,35166
Sint Maarten (Dutch part),2013,37722
Sint Maarten (Dutch part),2014,39124
Sint Maarten (Dutch part),2015,40228
Sint Maarten (Dutch part),2016,41365
Sint Maarten (Dutch part),2017,41901
Sint Maarten (Dutch part),2018,42268
Sint Maarten (Dutch part),2019,43002
Sint Maarten (Dutch part),2020,43638
Sint Maarten (Dutch part),2021,44061
Slovakia,2010,5396428
Slovakia,2011,5402686
Slovakia,2012,5409283
Slovakia,2013,5414744
Slovakia,2014,5419572
Slovakia,2015,5424449
Slovakia,2016,5431205
Slovakia,2017,5439418
Slovakia,2018,5446746
Slovakia,2019,5453932
Slovakia,2020,5456681
Slovakia,2021,5447621
Slovenia,2010,2057294
Slovenia,2011,2065457
Slovenia,2012,2069365
Slovenia,2013,2072374
Slovenia,2014,2074923
Slovenia,2015,2080865
Slovenia,2016,2090020
Slovenia,2017,2098396
Slovenia,2018,2105931
Slovenia,2019,2112905
Slovenia,2020,2117648
Slovenia,2021,2119408
Small island developing states (SIDS),2010,65870836
Small island developing states (SIDS),2011,66614452
Small island developing states (SIDS),2012,67397010
Small island developing states (SIDS),2013,68192580
Small island developing states (SIDS),2014,68979530
Small island developing states (SIDS),2015,69737590
Small island developing states (SIDS),2016,70454390
Small island developing states (SIDS),2017,71143820
Small island developing states (SIDS),2018,71869590
Small island developing states (SIDS),2019,72558344
Small island developing states (SIDS),2020,73173240
Small island developing states (SIDS),2021,73767220
Solomon Islands,2010,540402
Solomon Islands,2011,553727
Solomon Islands,2012,567771
Solomon Islands,2013,582369
Solomon Islands,2014,597386
Solomon Islands,2015,612670
Solomon Islands,2016,628110
Solomon Islands,2017,643641
Solomon Islands,2018,659259
Solomon Islands,2019,675000
Solomon Islands,2020,691198
Solomon Islands,2021,707855
Somalia,2010,12026650
Somalia,2011,12216842
Somalia,2012,12440332
Somalia,2013,12852491
Somalia,2014,13309236
Somalia,2015,13763909
Somalia,2016,14292848
Somalia,2017,14864224
Somalia,2018,15411101
Somalia,2019,15981312
Somalia,2020,16537018
Somalia,2021,17065588
South Africa,2010,51784930
South Africa,2011,52443320
South Africa,2012,53145036
South Africa,2013,53873610
South Africa,2014,54729556
South Africa,2015,55876504
South Africa,2016,56422270
South Africa,2017,56641210
South Africa,2018,57339630
South Africa,2019,58087060
South Africa,2020,58801930
South Africa,2021,59392256
South Korea,2010,48813036
South Korea,2011,49169880
South Korea,2012,49634188
South Korea,2013,50098228
South Korea,2014,50558044
South Korea,2015,50994396
South Korea,2016,51309984
South Korea,2017,51511640
South Korea,2018,51676900
South Korea,2019,51803830
South Korea,2020,51844690
South Korea,2021,51830136
South Sudan,2010,9714425
South Sudan,2011,10243057
South Sudan,2012,10701605
South Sudan,2013,11106037
South Sudan,2014,11213286
South Sudan,2015,11194300
South Sudan,2016,11066116
South Sudan,2017,10658230
South Sudan,2018,10395332
South Sudan,2019,10447677
South Sudan,2020,10606224
South Sudan,2021,10748278
Spain,2010,46572776
Spain,2011,46729230
Spain,2012,46756084
Spain,2013,46603460
Spain,2014,46464548
Spain,2015,46431344
Spain,2016,46473320
Spain,2017,46584170
Spain,2018,46792044
Spain,2019,47131372
Spain,2020,47363810
Spain,2021,47486932
Sri Lanka,2010,20668556
Sri Lanka,2011,20859746
Sri Lanka,2012,21017150
Sri Lanka,2013,21131762
Sri Lanka,2014,21239448
Sri Lanka,2015,21336692
Sri Lanka,2016,21425494
Sri Lanka,2017,21506816
Sri Lanka,2018,21580712
Sri Lanka,2019,21649664
Sri Lanka,2020,21715076
Sri Lanka,2021,21773438
Sudan,2010,33739932
Sudan,2011,34419628
Sudan,2012,35159790
Sudan,2013,35990708
Sudan,2014,37003250
Sudan,2015,38171172
Sudan,2016,39377170
Sudan,2017,40679820
Sudan,2018,41999064
Sudan,2019,43232092
Sudan,2020,44440484
Sudan,2021,45657204
Suriname,2010,546085
Suriname,2011,552154
Suriname,2012,558111
Suriname,2013,563952
Suriname,2014,569687
Suriname,2015,575478
Suriname,2016,581462
Suriname,2017,587566
Suriname,2018,593729
Suriname,2019,600305
Suriname,2020,607068
Suriname,2021,612989
Sweden,2010,9381722
Sweden,2011,9467384
Sweden,2012,9555984
Sweden,2013,9648935
Sweden,2014,9747507
Sweden,2015,9849344
Sweden,2016,9953322
Sweden,2017,10058191
Sweden,2018,10162300
Sweden,2019,10267922
Sweden,2020,10368968
Sweden,2021,10467095
Switzerland,2010,7822444
Switzerland,2011,7910988
Switzerland,2012,7995738
Switzerland,2013,8088370
Switzerland,2014,8187792
Switzerland,2015,8281735
Switzerland,2016,8372902
Switzerland,2017,8451688
Switzerland,2018,8514431
Switzerland,2019,8575593
Switzerland,2020,8638609
Switzerland,2021,8691409
Syria,2010,22337558
Syria,2011,22730734
Syria,2012,22605582
Syria,2013,21495830
Syria,2014,20072232
Syria,2015,19205178
Syria,2016,18964252
Syria,2017,18983370
Syria,2018,19333464
Syria,2019,20098252
Syria,2020,20772602
Syria,2021,21324366
Taiwan,2010,23083086
Taiwan,2011,23143076
Taiwan,2012,23234064
Taiwan,2013,23330332
Taiwan,2014,23422504
Taiwan,2015,23512136
Taiwan,2016,23594476
Taiwan,2017,23665028
Taiwan,2018,23726186
Taiwan,2019,23777742
Taiwan,2020,23821468
Taiwan,2021,23859904
Tajikistan,2010,7621785
Tajikistan,2011,7784820
Tajikistan,2012,7956383
Tajikistan,2013,8136612
Tajikistan,2014,8326354
Tajikistan,2015,8524066
Tajikistan,2016,8725326
Tajikistan,2017,8925529
Tajikistan,2018,9128131
Tajikistan,2019,9337008
Tajikistan,2020,9543211
Tajikistan,2021,9750078
Tanzania,2010,45110532
Tanzania,2011,46416030
Tanzania,2012,47786136
Tanzania,2013,49253650
Tanzania,2014,50814550
Tanzania,2015,52542824
Tanzania,2016,54401804
Tanzania,2017,56267040
Tanzania,2018,58090444
Tanzania,2019,59872584
Tanzania,2020,61704520
Tanzania,2021,63588332
Thailand,2010,68270490
Thailand,2011,68712850
Thailand,2012,69157020
Thailand,2013,69578600
Thailand,2014,69960940
Thailand,2015,70294410
Thailand,2016,70607030
Thailand,2017,70898210
Thailand,2018,71127810
Thailand,2019,71307770
Thailand,2020,71475660
Thailand,2021,71601100
Togo,2010,6571862
Togo,2011,6748675
Togo,2012,6926634
Togo,2013,7106238
Togo,2014,7288381
Togo,2015,7473232
Togo,2016,7661361
Togo,2017,7852799
Togo,2018,8046680
Togo,2019,8243093
Togo,2020,8442583
Togo,2021,8644829
Tokelau,2010,1389
Tokelau,2011,1406
Tokelau,2012,1462
Tokelau,2013,1522
Tokelau,2014,1517
Tokelau,2015,1480
Tokelau,2016,1447
Tokelau,2017,1512
Tokelau,2018,1645
Tokelau,2019,1775
Tokelau,2020,1845
Tokelau,2021,1869
Tonga,2010,107401
Tonga,2011,107625
Tonga,2012,107517
Tonga,2013,107105
Tonga,2014,106639
Tonga,2015,106140
Tonga,2016,105721
Tonga,2017,105430
Tonga,2018,105167
Tonga,2019,104965
Tonga,2020,105265
Tonga,2021,106034
Trinidad and Tobago,2010,1410297
Trinidad and Tobago,2011,1420021
Trinidad and Tobago,2012,1430379
Trinidad and Tobago,2013,1440731
Trinidad and Tobago,2014,1450663
Trinidad and Tobago,2015,1460180
Trinidad and Tobago,2016,1469334
Trinidad and Tobago,2017,1478616
Trinidad and Tobago,2018,1504707
Trinidad and Tobago,2019,1519960
Trinidad and Tobago,2020,1518142
Trinidad and Tobago,2021,1525671
Tunisia,2010,10895063
Tunisia,2011,11032529
Tunisia,2012,11174384
Tunisia,2013,11300284
Tunisia,2014,11428953
Tunisia,2015,11557779
Tunisia,2016,11685666
Tunisia,2017,11811441
Tunisia,2018,11933040
Tunisia,2019,12049319
Tunisia,2020,12161720
Tunisia,2021,12262949
Turkey,2010,73195350
Turkey,2011,74173860
Turkey,2012,75277440
Turkey,2013,76576120
Turkey,2014,78112060
Turkey,2015,79646180
Turkey,2016,81019400
Turkey,2017,82089820
Turkey,2018,82809304
Turkey,2019,83481690
Turkey,2020,84135430
Turkey,2021,84775410
Turkmenistan,2010,5267975
Turkmenistan,2011,5360813
Turkmenistan,2012,5458688
Turkmenistan,2013,5560099
Turkmenistan,2014,5663159
Turkmenistan,2015,5766427
Turkmenistan,2016,5868568
Turkmenistan,2017,5968388
Turkmenistan,2018,6065072
Turkmenistan,2019,6158424
Turkmenistan,2020,6250442
Turkmenistan,2021,6341850
Turks and Caicos Islands,2010,29751
Turks and Caicos Islands,2011,30840
Turks and Caicos Islands,2012,32105
Turks and Caicos Islands,2013,33620
Turks and Caicos Islands,2014,35014
Turks and Caicos Islands,2015,36556
Turks and Caicos Islands,2016,38267
Turks and Caicos Islands,2017,39865
Turks and Caicos Islands,2018,41516
Turks and Caicos Islands,2019,43104
Turks and Caicos Islands,2020,44297
Turks and Caicos Islands,2021,45141
Tuvalu,2010,10570
Tuvalu,2011,10719
Tuvalu,2012,10876
Tuvalu,2013,10942
Tuvalu,2014,10922
Tuvalu,2015,10896
Tuvalu,2016,10876
Tuvalu,2017,10850
Tuvalu,2018,10883
Tuvalu,2019,10983
Tuvalu,2020,11090
Tuvalu,2021,11229
Uganda,2010,32341724
Uganda,2011,33295738
Uganda,2012,34273296
Uganda,2013,35273570
Uganda,2014,36336544
Uganda,2015,37477356
Uganda,2016,38748308
Uganda,2017,40127096
Uganda,2018,41515400
Uganda,2019,42949076
Uganda,2020,44404610
Uganda,2021,45853780
Ukraine,2010,45683024
Ukraine,2011,45516136
Ukraine,2012,45406228
Ukraine,2013,45307104
Ukraine,2014,45148070
Ukraine,2015,44982570
Ukraine,2016,44833570
Ukraine,2017,44657260
Ukraine,2018,44446950
Ukraine,2019,44211100
Ukraine,2020,43909664
Ukraine,2021,43531424
United Arab Emirates,2010,8481775
United Arab Emirates,2011,8575210
United Arab Emirates,2012,8664976
United Arab Emirates,2013,8751853
United Arab Emirates,2014,8835957
United Arab Emirates,2015,8916909
United Arab Emirates,2016,8994266
United Arab Emirates,2017,9068297
United Arab Emirates,2018,9140172
United Arab Emirates,2019,9211660
United Arab Emirates,2020,9287286
United Arab Emirates,2021,9365149
United Kingdom,2010,62760050
United Kingdom,2011,63286360
United Kingdom,2012,63808730
United Kingdom,2013,64302296
United Kingdom,2014,64773504
United Kingdom,2015,65224370
United Kingdom,2016,65655204
United Kingdom,2017,66064810
United Kingdom,2018,66432996
United Kingdom,2019,66778660
United Kingdom,2020,67059470
United Kingdom,2021,67281040
United States,2010,311182850
United States,2011,313876600
United States,2012,316651330
United States,2013,319375170
United States,2014,322033950
United States,2015,324607780
United States,2016,327210200
United States,2017,329791230
United States,2018,332140030
United States,2019,334319680
United States,2020,335942000
United States,2021,336997630
United States Virgin Islands,2010,106154
United States Virgin Islands,2011,105491
United States Virgin Islands,2012,104780
United States Virgin Islands,2013,104070
United States Virgin Islands,2014,103393
United States Virgin Islands,2015,102808
United States Virgin Islands,2016,102330
United States Virgin Islands,2017,101860
United States Virgin Islands,2018,101377
United States Virgin Islands,2019,100837
United States Virgin Islands,2020,100452
United States Virgin Islands,2021,100100
Upper-middle-income countries,2010,2335530200
Upper-middle-income countries,2011,2353897500
Upper-middle-income countries,2012,2373431000
Upper-middle-income countries,2013,2394150100
Upper-middle-income countries,2014,2414815200
Upper-middle-income countries,2015,2434787600
Upper-middle-income countries,2016,2453269200
Upper-middle-income countries,2017,2471104800
Upper-middle-income countries,2018,2487462700
Upper-middle-income countries,2019,2501414100
Upper-middle-income countries,2020,2512477200
Upper-middle-income countries,2021,2519863600
Uruguay,2010,3352653
Uruguay,2011,3361631
Uruguay,2012,3371134
Uruguay,2013,3381187
Uruguay,2014,3391660
Uruguay,2015,3402820
Uruguay,2016,3413768
Uruguay,2017,3422205
Uruguay,2018,3427044
Uruguay,2019,3428412
Uruguay,2020,3429087
Uruguay,2021,3426265
Uzbekistan,2010,28614234
Uzbekistan,2011,29057456
Uzbekistan,2012,29503058
Uzbekistan,2013,29963220
Uzbekistan,2014,30446542
Uzbekistan,2015,30949416
Uzbekistan,2016,31453576
Uzbekistan,2017,31945680
Uzbekistan,2018,32449578
Uzbekistan,2019,32976946
Uzbekistan,2020,33526662
Uzbekistan,2021,34081452
Vanuatu,2010,245464
Vanuatu,2011,251309
Vanuatu,2012,257329
Vanuatu,2013,263547
Vanuatu,2014,269942
Vanuatu,2015,276450
Vanuatu,2016,283239
Vanuatu,2017,290250
Vanuatu,2018,297307
Vanuatu,2019,304414
Vanuatu,2020,311694
Vanuatu,2021,319146
Venezuela,2010,28715026
Venezuela,2011,29096158
Venezuela,2012,29470428
Venezuela,2013,29838022
Venezuela,2014,30193260
Venezuela,2015,30529722
Venezuela,2016,30741464
Venezuela,2017,30563430
Venezuela,2018,29825652
Venezuela,2019,28971686
Venezuela,2020,28490458
Venezuela,2021,28199862
Vietnam,2010,87411016
Vietnam,2011,88349100
Vietnam,2012,89301330
Vietnam,2013,90267736
Vietnam,2014,91235500
Vietnam,2015,92191400
Vietnam,2016,93126530
Vietnam,2017,94033050
Vietnam,2018,94914330
Vietnam,2019,95776710
Vietnam,2020,96648680
Vietnam,2021,97468024
Wallis and Futuna,2010,13167
Wallis and Futuna,2011,12926
Wallis and Futuna,2012,12696
Wallis and Futuna,2013,12496
Wallis and Futuna,2014,12335
Wallis and Futuna,2015,12208
Wallis and Futuna,2016,12086
Wallis and Futuna,2017,11961
Wallis and Futuna,2018,11840
Wallis and Futuna,2019,11735
Wallis and Futuna,2020,11679
Wallis and Futuna,2021,11654
Western Sahara,2010,413307
Western Sahara,2011,429296
Western Sahara,2012,445952
Western Sahara,2013,462761
Western Sahara,2014,478023
Western Sahara,2015,491837
Western Sahara,2016,505461
Western Sahara,2017,518867
Western Sahara,2018,532011
Western Sahara,2019,544883
Western Sahara,2020,556060
Western Sahara,2021,565590
World,2010,6985603000
World,2011,7073125400
World,2012,7161698000
World,2013,7250593300
World,2014,7339013600
World,2015,7426597400
World,2016,7513474000
World,2017,7599822300
World,2018,7683790000
World,2019,7764951000
World,2020,7840953000
World,2021,7909295000
Yemen,2010,24743944
Yemen,2011,25475608
Yemen,2012,26223390
Yemen,2013,26984008
Yemen,2014,27753310
Yemen,2015,28516552
Yemen,2016,29274010
Yemen,2017,30034386
Yemen,2018,30790514
Yemen,2019,31546694
Yemen,2020,32284044
Yemen,2021,32981644
Zambia,2010,13792095
Zambia,2011,14265824
Zambia,2012,14744662
Zambia,2013,15234976
Zambia,2014,15737796
Zambia,2015,16248231
Zambia,2016,16767758
Zambia,2017,17298056
Zambia,2018,17835898
Zambia,2019,18380478
Zambia,2020,18927716
Zambia,2021,19473132
Zimbabwe,2010,12839774
Zimbabwe,2011,13025789
Zimbabwe,2012,13265331
Zimbabwe,2013,13555420
Zimbabwe,2014,13855758
Zimbabwe,2015,14154937
Zimbabwe,2016,14452705
Zimbabwe,2017,14751101
Zimbabwe,2018,15052191
Zimbabwe,2019,15354606
Zimbabwe,2020,15669663
Zimbabwe,2021,15993525
